<?xml version="1.0" encoding="UTF-8"?>
<project-private xmlns="http://www.netbeans.org/ns/project-private/1">
    <editor-bookmarks xmlns="http://www.netbeans.org/ns/editor-bookmarks/2" lastBookmarkId="0"/>
    <open-files xmlns="http://www.netbeans.org/ns/projectui-open-files/2">
        <group>
            <file>file:/C:/Users/guilh/OneDrive/Documentos/NetBeansProjects/JabocCafeteria/src/jaboc_UI/interface_exibirFuncionarios.java</file>
            <file>file:/C:/Users/guilh/OneDrive/Documentos/NetBeansProjects/JabocCafeteria/src/jaboc_UI/interface_apagarFuncionario.java</file>
            <file>file:/C:/Users/guilh/OneDrive/Documentos/NetBeansProjects/JabocCafeteria/src/jaboc_UI/interface_criarCliente.java</file>
            <file>file:/C:/Users/guilh/OneDrive/Documentos/NetBeansProjects/JabocCafeteria/src/jaboc_UI/interface_criarFuncionario.java</file>
            <file>file:/C:/Users/guilh/OneDrive/Documentos/NetBeansProjects/JabocCafeteria/src/jaboc_UI/interface_editarFuncionario.java</file>
            <file>file:/C:/Users/guilh/OneDrive/Documentos/NetBeansProjects/JabocCafeteria/src/jaboc_Classes/listaFuncionarios.java</file>
        </group>
    </open-files>
</project-private>
