<?xml version="1.0" encoding="UTF-8"?>
<project-private xmlns="http://www.netbeans.org/ns/project-private/1">
    <editor-bookmarks xmlns="http://www.netbeans.org/ns/editor-bookmarks/2" lastBookmarkId="0"/>
    <open-files xmlns="http://www.netbeans.org/ns/projectui-open-files/2">
        <group>
            <file>file:/E:/ESTUDOS/GitHub/Projeto-Jaboc/JabocCafeteria/src/jaboc_UI/jabocUI_Administrador/interface_Menu.java</file>
            <file>file:/E:/ESTUDOS/GitHub/Projeto-Jaboc/JabocCafeteria/src/jaboc_UI/jabocUI_Administrador/interface_areaGerencia.java</file>
            <file>file:/E:/ESTUDOS/GitHub/Projeto-Jaboc/JabocCafeteria/src/jaboc_UI/jabocUI_Clientes/interface_criarCliente.java</file>
            <file>file:/E:/ESTUDOS/GitHub/Projeto-Jaboc/JabocCafeteria/src/jaboc_UI/jabocUI_Clientes/interface_loginCliente.java</file>
        </group>
    </open-files>
</project-private>
